Case,Cone Angle,Omega,Pitch Angle,Average Fpx,Average Fpy,Average Fpz,Average Mpx,Average Mpy,Average Mpz
5_60_-10,5,60,-10,0.005836803,0.010058744,0.055808637,-0.000591885,0.003529016,-0.000583155
20_60_-10,20,60,-10,0.023266257,0.010557924,0.056529132,-0.000596012,0.003153024,-0.000367151
10_60_-10,10,60,-10,0.011483405,0.010307852,0.056836349,-0.000607779,0.003421312,-0.000509854
0_60_-10,0,60,-10,0.000624048,0.009646749,0.054935119,-0.000569865,0.003617946,-0.000638828
10_60_-5,10,60,-5,0.011359897,0.005149563,0.05785085,-0.000653324,0.003547046,-0.000213955
5_60_-5,5,60,-5,0.005821438,0.005126985,0.057107462,-0.00063791,0.003649982,-0.000277083
20_60_-5,20,60,-5,0.023325865,0.005043673,0.05741461,-0.000650754,0.003167784,-8.27E-05
0_60_-5,0,60,-5,0.00060119,0.004846671,0.056270847,-0.000615315,0.003736254,-0.00032877
10_60_0,10,60,0,0.011188061,1.95E-06,0.058088084,-0.000691235,0.003638026,0.000106086
20_60_0,20,60,0,0.022622667,-0.000553029,0.056950443,-0.000705669,0.003282121,0.000216896
0_60_0,0,60,0,0.000567396,-0.000131228,0.056875557,-0.000663998,0.003828832,-6.59E-06
5_60_0,5,60,0,0.005792243,2.19E-05,0.057725581,-0.000681386,0.003731426,4.79E-05
0_60_5,0,60,5,0.000546753,-0.00514495,0.056962999,-0.000705467,0.003852468,0.000335921
5_60_5,5,60,5,0.005770942,-0.005094493,0.057725083,-0.000725088,0.00376953,0.000384666
20_60_5,20,60,5,0.022237615,-0.005406651,0.056573754,-0.000740015,0.0033933,0.00052573
10_60_5,10,60,5,0.011151063,-0.005160786,0.05804059,-0.000733149,0.003683627,0.000439116
5_60_10,5,60,10,-6.041098048,12.01342804,-58.51465222,-0.33755779,-9.377653645,-1.886779102
20_60_10,20,60,10,0.022327526,-0.010352712,0.056612118,-0.000780559,0.003445998,0.000849998
10_60_10,10,60,10,0.011142041,-0.010328526,0.057493405,-0.000773703,0.003680733,0.000777449
0_60_10,0,60,10,0.00053608,-0.010174014,0.056426398,-0.000747825,0.003851956,0.00068048
10_120_-10,10,120,-10,0.015735263,0.015141861,0.079743741,-0.000743351,0.005330181,-0.000890275
20_120_-10,20,120,-10,0.031693761,0.015244176,0.078773612,-0.000775961,0.005117477,-0.00071204
5_120_-10,5,120,-10,0.008047731,0.014902443,0.078423596,-0.000708172,0.005400516,-0.000962865
0_120_-10,0,120,-10,0.000866054,0.014203682,0.076529179,-0.000661359,0.005416133,-0.00100133
10_120_-5,10,120,-5,0.01630824,0.008545454,0.084080345,-0.000833037,0.005720777,-0.000460319
5_120_-5,5,120,-5,0.008309082,0.008433291,0.082610237,-0.000791845,0.005780262,-0.000525419
20_120_-5,20,120,-5,0.032943314,0.008485568,0.083249492,-0.000884445,0.005482131,-0.00029694
0_120_-5,0,120,-5,0.000872194,0.007924528,0.08049124,-0.000735501,0.005779131,-0.000569551
10_120_0,10,120,0,0.016744725,0.001226675,0.08735609,-0.000916043,0.006063874,4.32E-05
0_120_0,0,120,0,0.000951377,0.000969252,0.083659358,-0.000822599,0.006107142,-8.86E-05
20_120_0,20,120,0,0.033770782,0.000944085,0.0864841,-0.000981671,0.005802786,0.000185603
5_120_0,5,120,0,0.008567074,0.001225038,0.085968899,-0.000872988,0.006098178,-2.16E-05
5_120_5,5,120,5,0.008802069,-0.006412183,0.088155528,-0.000959104,0.006325208,0.000528818
0_120_5,0,120,5,0.000906357,-0.006502492,0.085696826,-0.000896369,0.006297425,0.000466781
20_120_5,20,120,5,0.0343564,-0.006655827,0.088691018,-0.001071787,0.006118043,0.000722457
10_120_5,10,120,5,0.017219409,-0.006558821,0.089827272,-0.00100678,0.006318175,0.000598606
20_120_10,20,120,10,0.035079312,-0.014362888,0.091039999,-0.001156092,0.006462853,0.001335766
10_120_10,10,120,10,0.017700378,-0.014811268,0.091804865,-0.001097559,0.006513611,0.001209966
5_120_10,5,120,10,-4.098993172,8.167240758,-39.80799464,-0.230083403,-6.383941366,-1.283896891
0_120_10,0,120,10,0.000961978,-0.014335136,0.087056284,-0.000980479,0.006457182,0.001058027
10_240_-10,10,240,-10,0.026799445,0.031143881,0.147037743,-0.001066256,0.012197305,-0.002409366
20_240_-10,20,240,-10,0.053978115,0.030208227,0.14238586,-0.001222251,0.011956085,-0.002105642
5_240_-10,5,240,-10,0.013026656,0.030761065,0.144625241,-0.000946652,0.011985809,-0.002497932
0_240_-10,0,240,-10,-1.74E-05,0.027229271,0.140526245,-0.000832447,0.011565137,-0.002226554
10_240_-5,10,240,-5,0.029486603,0.021023189,0.163496475,-0.001305036,0.013664597,-0.00152494
5_240_-5,5,240,-5,0.01457444,0.020682985,0.161621727,-0.001172409,0.013606359,-0.001633364
20_240_-5,20,240,-5,0.060321485,0.020900097,0.161101215,-0.001518458,0.013595881,-0.001239189
0_240_-5,0,240,-5,0.000447477,0.016680478,0.156524649,-0.001026302,0.013062431,-0.001315843
20_240_0,20,240,0,0.064549531,0.008239668,0.174622574,-0.001784217,0.014852518,-9.44E-05
5_240_0,5,240,0,0.015783752,0.008038548,0.176089192,-0.001392293,0.014908444,-0.000551807
0_240_0,0,240,0,0.000568727,0.005359999,0.174052408,-0.00127464,0.014709085,-0.000381315
10_240_0,10,240,0,0.031893997,0.008269031,0.178764363,-0.001552316,0.015049971,-0.00041013
20_240_5,20,240,5,0.068033598,-0.007030595,0.185552432,-0.002042553,0.015944616,0.00133844
0_240_5,0,240,5,0.000385381,-0.009458635,0.182780063,-0.001446593,0.015608498,0.000891229
10_240_5,10,240,5,0.033867449,-0.007391576,0.190993339,-0.001806142,0.016059111,0.001012709
5_240_5,5,240,5,0.016811395,-0.007443521,0.188874879,-0.001649805,0.01592165,0.000841343
5_240_10,5,240,10,0.01772472,-0.025155797,0.198939384,-0.001893461,0.016845185,0.002406283
10_240_10,10,240,10,0.035670639,-0.025108391,0.200875406,-0.002062958,0.017002792,0.002590623
20_240_10,20,240,10,0.071245897,-0.024096557,0.194318995,-0.00227789,0.01686043,0.002963644
0_240_10,0,240,10,0.000314903,-0.027147185,0.191023445,-0.001694001,0.016350923,0.002473085
5_360_-10,5,360,-10,0.110659793,0.20367806,1.036451386,-0.008743499,0.068587334,-0.012538728
10_360_-10,10,360,-10,0.191228878,0.188903358,0.951973367,-0.008256139,0.061973455,-0.010819231
0_360_-10,0,360,-10,0.019262948,0.206633565,1.232595292,-0.009710587,0.081384945,-0.01347785
20_360_-10,20,360,-10,0.325877829,0.161838564,0.803881652,-0.007400197,0.051026981,-0.007858775
5_360_-5,5,360,-5,0.118238615,0.115997736,1.119926477,-0.010374814,0.074371107,-0.006759159
0_360_-5,0,360,-5,0.017819466,0.0971486,1.245299228,-0.010745804,0.083759697,-0.006523209
20_360_-5,20,360,-5,0.404740531,0.100958444,1.003543603,-0.010182639,0.061792173,-0.00348913
10_360_-5,10,360,-5,0.208661063,0.109826952,1.050463363,-0.009981819,0.068529796,-0.005590712
20_360_0,20,360,0,0.351357203,0.009356729,0.890701455,-0.009701598,0.05811259,0.001699626
0_360_0,0,360,0,0.01658588,-0.004940241,1.093873905,-0.010246233,0.076733209,-9.42E-05
10_360_0,10,360,0,0.243644112,0.006437411,1.227220635,-0.012673337,0.07923891,0.001316416
5_360_0,5,360,0,0.114403049,0.01087163,1.106617143,-0.010975848,0.074768508,-7.42E-05
5_360_5,5,360,5,0.121988937,-0.094173096,1.17163623,-0.012904273,0.079560753,0.007323276
20_360_5,20,360,5,0.354383374,-0.069752364,0.907507246,-0.010697637,0.060997818,0.007322631
0_360_5,0,360,5,0.020345997,-0.153943297,1.468484242,-0.015549189,0.099519302,0.010211594
10_360_5,10,360,5,0.222493972,-0.091492097,1.133865817,-0.012723746,0.075525202,0.007826592
10_360_10,10,360,10,0.239781912,-0.212637554,1.21061076,-0.014842206,0.080769187,0.016269052
0_360_10,0,360,10,0.017803337,-0.256043268,1.319496187,-0.015205397,0.091961003,0.017685318
20_360_10,20,360,10,0.419338303,-0.184908181,1.067898527,-0.013583585,0.070635816,0.015850339
5_360_10,5,360,10,0.138791919,-0.232955899,1.295490024,-0.015643724,0.087501143,0.01681802
20_480_-10,20,480,-10,1.684209518,0.747561311,4.04946588,-0.038500084,0.235938183,-0.030560679
0_480_-10,0,480,-10,0.03865644,0.582196594,3.722203894,-0.029932104,0.253602368,-0.039248549
10_480_-10,10,480,-10,0.910534267,0.825581056,4.290623832,-0.040323062,0.270125763,-0.042365629
5_480_-10,5,480,-10,0.403734106,0.709713093,3.757912726,-0.034826821,0.249052534,-0.042546469
10_480_-5,10,480,-5,0.819873239,0.367138891,3.974682272,-0.040848054,0.256210973,-0.017143164
0_480_-5,0,480,-5,0.05095932,0.311064129,4.352492772,-0.042159709,0.295716866,-0.022106104
5_480_-5,5,480,-5,0.467227536,0.404012243,4.367396748,-0.044686366,0.289371532,-0.023080491
20_480_-5,20,480,-5,1.676447978,0.35601026,4.116642902,-0.043288855,0.240848441,-0.009139025
10_480_0,10,480,0,0.840190642,-0.021662912,4.216070158,-0.046674792,0.271043952,0.007267484
20_480_0,20,480,0,1.587786312,-0.061277883,3.967452816,-0.045904561,0.236761591,0.013836521
5_480_0,5,480,0,0.412762448,-0.023986896,4.005598028,-0.041400721,0.269930986,0.003931756
0_480_0,0,480,0,0.06867509,-0.078771674,4.492911688,-0.047002058,0.310287988,0.003384726
0_480_5,0,480,5,0.046127075,-0.57448492,4.621874112,-0.049860725,0.317678185,0.037400588
10_480_5,10,480,5,0.836752066,-0.410716504,4.182840022,-0.050495968,0.270364373,0.032611688
20_480_5,20,480,5,1.671689298,-0.453628775,4.159620446,-0.052077654,0.24660758,0.038493695
5_480_5,5,480,5,0.453762343,-0.406248375,4.37317084,-0.052956354,0.295584245,0.030096961
0_480_10,0,480,10,0.044390188,-0.867076349,4.133622202,-0.050622503,0.289690132,0.058537638
10_480_10,10,480,10,0.824450922,-0.800321064,4.11984197,-0.054202853,0.270197066,0.059298437
20_480_10,20,480,10,1.580387336,-0.786641395,3.955733006,-0.053468487,0.240573745,0.061622314
5_480_10,5,480,10,0.424846207,-0.795057252,4.025575954,-0.051790683,0.269994801,0.055900285
#,Cone Angle,Omega,Pitch Angle,Average Fpx,Average Fpy,Average Fpz,Average Mpx,Average Mpy,Average Mpz
#,Cone Angle,Omega,Pitch Angle,Average Fpx,Average Fpy,Average Fpz,Average Mpx,Average Mpy,Average Mpz
#,Cone Angle,Omega,Pitch Angle,Average Fpx,Average Fpy,Average Fpz,Average Mpx,Average Mpy,Average Mpz
#,Cone Angle,Omega,Pitch Angle,Average Fpx,Average Fpy,Average Fpz,Average Mpx,Average Mpy,Average Mpz
